{
  "pos_x": -2345.6552734375,
  "pos_y": 2391.837646484375,
  "scale": 4.369999885559082,
  "rotate": 0,
  "zoom": 0.0
}