{
  "pos_x": -490.0150146484375,
  "pos_y": 326.0,
  "scale": 2.819999933242798,
  "rotate": 0,
  "zoom": 0.0
}