{
  "pos_x": 711.0,
  "pos_y": 2383.0,
  "scale": 4.099999904632568,
  "rotate": 0,
  "zoom": 1.2999999523162842
}